Security Sensitive,Not Security Sensitive
fflags,hpmcounter3
frm,hpmcounter4
fcsr,hpmcounter5
mcycle,hpmcounter6
minstret,hpmcounter7
mtvec,hpmcounter8
misa,hpmcounter9
mstatus,hpmcounter10
menvcfg,hpmcounter11
senvcfg,hpmcounter12
mip,hpmcounter13
medeleg,hpmcounter14
mcause,hpmcounter15
scounteren,hpmcounter16
mcounteren,hpmcounter17
vstart,hpmcounter18
vxsat,hpmcounter19
vxrm,hpmcounter20
vcsr,hpmcounter21
vl,hpmcounter22
vtype,hpmcounter23
satp,hpmcounter24
,hpmcounter25
,hpmcounter26
,hpmcounter27
,hpmcounter28
,hpmcounter29
,hpmcounter30
,hpmcounter31
,mhpmevent3
,mhpmevent4
,mhpmevent5
,mhpmevent6
,mhpmevent7
,mhpmevent8
,mhpmevent9
,mhpmevent10
,mhpmevent11
,mhpmevent12
,mhpmevent13
,mhpmevent14
,mhpmevent15
,mhpmevent16
,mhpmevent17
,mhpmevent18
,mhpmevent19
,mhpmevent20
,mhpmevent21
,mhpmevent22
,mhpmevent23
,mhpmevent24
,mhpmevent25
,mhpmevent26
,mhpmevent27
,mhpmevent28
,mhpmevent29
,mhpmevent30
,mhpmevent31
,mhpmcounter3
,mhpmcounter4
,mhpmcounter5
,mhpmcounter6
,mhpmcounter7
,mhpmcounter8
,mhpmcounter9
,mhpmcounter10
,mhpmcounter11
,mhpmcounter12
,mhpmcounter13
,mhpmcounter14
,mhpmcounter15
,mhpmcounter16
,mhpmcounter17
,mhpmcounter18
,mhpmcounter19
,mhpmcounter20
,mhpmcounter21
,mhpmcounter22
,mhpmcounter23
,mhpmcounter24
,mhpmcounter25
,mhpmcounter26
,mhpmcounter27
,mhpmcounter28
,mhpmcounter29
,mhpmcounter30
,mhpmcounter31
,pmpcfg0
,pmpcfg1
,pmpcfg2
,pmpcfg3
,pmpcfg4
,pmpcfg5
,pmpcfg6
,pmpcfg7
,pmpcfg8
,pmpcfg9
,pmpcfg10
,pmpcfg11
,pmpcfg12
,pmpcfg13
,pmpcfg14
,pmpcfg15
,pmpaddr0
,pmpaddr1
,pmpaddr2
,pmpaddr3
,pmpaddr4
,pmpaddr5
,pmpaddr6
,pmpaddr7
,pmpaddr8
,pmpaddr9
,pmpaddr10
,pmpaddr11
,pmpaddr12
,pmpaddr13
,pmpaddr14
,pmpaddr15
,pmpaddr16
,pmpaddr17
,pmpaddr18
,pmpaddr19
,pmpaddr20
,pmpaddr21
,pmpaddr22
,pmpaddr23
,pmpaddr24
,pmpaddr25
,pmpaddr26
,pmpaddr27
,pmpaddr28
,pmpaddr29
,pmpaddr30
,pmpaddr31
,pmpaddr32
,pmpaddr33
,pmpaddr34
,pmpaddr35
,pmpaddr36
,pmpaddr37
,pmpaddr38
,pmpaddr39
,pmpaddr40
,pmpaddr41
,pmpaddr42
,pmpaddr43
,pmpaddr44
,pmpaddr45
,pmpaddr46
,pmpaddr47
,pmpaddr48
,pmpaddr49
,pmpaddr50
,pmpaddr51
,pmpaddr52
,pmpaddr53
,pmpaddr54
,pmpaddr55
,pmpaddr56
,pmpaddr57
,pmpaddr58
,pmpaddr59
,pmpaddr60
,pmpaddr61
,pmpaddr62
,pmpaddr63
,cycle
,time
,instret
,cycleh
,timeh
,instreth
,mcycleh
,minstreth
,stimecmp
,stimecmph
,stvec
,sepc
,mepc
,menvcfgh
,mie
,medelegh
,mideleg
,mtval
,mscratch
,mcountinhibit
,mvendorid
,marchid
,mimpid
,mhartid
,mconfigptr
,sstatus
,sip
,sie
,sscratch
,scause
,stval
,tselect
,tdata1
,tdata2
,tdata3
,seed
,vlenb
